Pos,Age,Tm,MP,FG%,3P,3P%,2P,2P%,eFG%,FT,FT%,TRB,AST,STL,BLK,TOV,PF,PTS,Performance
0,23.0,27,23.3,0.482,0.5,0.26,3.4,0.557,0.515,1.9,0.689,6.6,1.0,0.6,0.7,1.2,2.1,10.2,0.0
0,29.0,14,27.0,0.597,0.0,0.0,3.7,0.599,0.597,1.1,0.364,11.5,2.3,0.9,1.1,1.9,2.3,8.6,0.0
0,25.0,15,35.0,0.536,0.0,0.083,8.4,0.543,0.537,4.4,0.8,9.8,3.2,1.2,0.8,2.5,2.8,21.2,1.0
6,22.0,29,15.6,0.483,0.9,0.396,0.9,0.621,0.604,0.4,0.682,1.8,0.6,0.2,0.1,0.3,1.4,5.0,0.0
1,22.0,14,22.0,0.474,1.4,0.364,2.0,0.601,0.571,1.4,0.729,4.6,1.2,0.7,0.7,0.7,1.9,9.4,0.0
6,24.0,28,14.5,0.479,1.0,0.412,1.3,0.546,0.582,0.7,0.675,1.7,2.0,0.6,0.4,1.2,1.5,6.3,0.0
6,24.0,29,14.7,0.488,1.0,0.402,1.3,0.578,0.591,0.8,0.692,1.6,2.1,0.7,0.4,1.3,1.6,6.3,0.0
6,24.0,17,13.0,0.417,1.3,0.5,1.3,0.357,0.521,0.0,0.0,2.0,0.5,0.3,0.5,1.0,0.8,6.3,0.0
6,27.0,16,27.6,0.44,2.0,0.404,1.4,0.503,0.569,1.7,0.906,3.4,2.4,0.8,0.2,1.1,1.6,10.5,0.0
0,24.0,5,33.2,0.654,0.0,0.111,6.2,0.664,0.655,2.5,0.733,9.9,1.6,0.8,1.2,1.5,2.2,14.8,0.0
3,24.0,18,21.5,0.411,1.4,0.336,1.9,0.488,0.496,1.1,0.813,2.3,3.0,1.1,0.2,1.3,2.0,9.0,0.0
1,29.0,17,26.2,0.503,0.6,0.423,2.6,0.527,0.551,1.7,0.764,4.8,4.1,1.1,0.9,1.4,2.1,8.6,0.0
1,28.0,16,32.5,0.538,0.8,0.27,10.3,0.583,0.557,8.2,0.646,12.0,5.4,0.8,0.8,3.9,3.3,31.3,1.0
4,30.0,16,4.1,0.25,0.0,0.0,0.2,0.313,0.25,0.2,0.5,1.0,0.2,0.1,0.1,0.3,0.5,0.5,0.0
3,22.0,21,24.7,0.435,1.1,0.333,3.0,0.488,0.492,2.5,0.89,4.5,4.1,0.6,0.6,1.5,2.5,11.8,0.0
4,25.0,27,35.8,0.453,1.8,0.356,4.3,0.514,0.522,2.4,0.825,5.4,2.0,2.0,0.8,2.1,3.0,16.4,0.0
4,22.0,30,26.3,0.439,0.9,0.294,2.4,0.539,0.499,1.7,0.752,6.2,2.6,0.9,0.5,1.5,2.9,9.1,0.0
0,24.0,23,30.3,0.591,0.1,0.304,8.0,0.6,0.595,2.2,0.739,10.1,2.0,0.6,0.8,1.9,2.8,18.7,0.0
0,23.0,8,21.6,0.538,0.3,0.243,4.4,0.593,0.557,1.6,0.698,6.6,0.6,0.5,0.7,0.9,2.0,11.4,0.0
4,20.0,9,8.8,0.45,1.5,0.468,0.4,0.389,0.631,0.2,0.667,1.5,0.2,0.3,0.1,0.4,0.4,5.5,0.0
3,21.0,4,35.2,0.411,4.0,0.376,4.2,0.45,0.51,2.8,0.836,6.4,8.4,1.3,0.3,3.6,3.3,23.3,1.0
0,24.0,28,16.9,0.485,1.0,0.385,1.5,0.591,0.584,0.9,0.661,4.8,1.0,0.3,1.0,0.6,2.3,7.1,0.0
0,24.0,21,17.0,0.495,1.1,0.398,1.6,0.594,0.596,0.9,0.686,4.6,1.1,0.3,1.0,0.6,2.2,7.3,0.0
0,24.0,13,14.7,0.308,0.7,0.222,0.7,0.5,0.385,1.3,0.5,7.3,0.7,0.0,1.0,1.0,3.7,4.7,0.0
1,20.0,21,33.7,0.421,1.1,0.274,5.4,0.474,0.457,5.7,0.754,6.6,3.6,0.9,0.5,2.7,2.2,19.9,0.0
6,24.0,14,31.1,0.463,3.0,0.416,4.5,0.502,0.556,3.3,0.904,5.0,4.1,1.0,0.4,2.2,2.4,21.3,1.0
3,23.0,27,9.3,0.411,0.5,0.283,1.2,0.5,0.469,0.6,0.789,1.3,1.1,0.5,0.4,0.6,1.1,4.4,0.0
4,19.0,26,10.1,0.538,0.0,0.0,1.3,0.636,0.538,0.8,0.9,2.5,0.6,0.2,0.2,0.5,1.9,3.4,0.0
1,30.0,25,32.6,0.469,1.6,0.37,2.9,0.553,0.554,4.1,0.836,4.6,1.6,0.8,0.1,1.1,1.3,14.7,0.0
1,21.0,27,35.3,0.453,0.9,0.301,5.1,0.499,0.488,2.6,0.769,7.0,4.8,1.0,0.9,2.1,2.2,15.5,0.0
6,22.0,19,34.1,0.429,1.8,0.33,5.1,0.479,0.484,4.0,0.753,5.2,2.8,0.5,0.2,2.3,2.6,19.5,0.0
6,32.0,30,19.6,0.387,1.3,0.38,1.5,0.395,0.479,0.9,0.778,2.8,2.4,0.4,0.3,1.1,1.0,7.7,0.0
0,22.0,26,13.9,0.642,0.1,0.429,2.1,0.659,0.658,0.7,0.655,5.5,1.3,0.4,0.9,1.1,2.1,5.1,0.0
4,27.0,26,20.6,0.492,0.6,0.364,2.5,0.536,0.538,1.4,0.791,3.4,1.2,0.7,0.3,0.8,1.0,8.3,0.0
1,34.0,12,22.0,0.418,1.6,0.384,0.5,0.564,0.574,0.5,0.667,4.2,1.5,0.6,0.7,0.7,2.0,6.3,0.0
1,22.0,20,15.4,0.449,0.5,0.4,1.5,0.469,0.506,1.0,0.554,3.4,0.9,0.5,0.8,0.6,1.0,5.4,0.0
6,29.0,30,33.0,0.515,1.7,0.371,6.9,0.569,0.566,3.7,0.839,3.6,5.3,0.9,0.7,2.8,1.9,22.7,1.0
6,26.0,28,26.6,0.396,3.1,0.359,1.7,0.484,0.523,0.6,0.787,3.5,1.7,0.9,0.1,1.1,1.5,13.4,0.0
6,26.0,29,26.8,0.396,3.1,0.359,1.7,0.485,0.522,0.7,0.841,3.6,1.7,0.8,0.1,1.1,1.4,13.4,0.0
6,26.0,13,24.2,0.391,3.4,0.362,1.6,0.471,0.523,0.0,0.0,2.6,1.6,1.8,0.0,1.4,2.4,13.4,0.0
4,22.0,16,14.6,0.396,1.0,0.319,1.1,0.506,0.49,0.5,0.724,2.4,0.7,0.5,0.1,0.9,1.5,5.6,0.0
1,30.0,6,10.6,0.423,1.1,0.381,0.3,0.714,0.59,0.3,0.833,0.9,0.4,0.2,0.1,0.3,1.1,4.1,0.0
3,34.0,28,26.8,0.398,1.2,0.341,0.9,0.506,0.51,0.9,0.764,3.2,2.6,0.9,0.6,0.9,2.7,6.3,0.0
3,34.0,13,26.9,0.402,1.2,0.348,0.9,0.506,0.517,0.9,0.78,3.1,2.6,0.9,0.6,0.9,2.8,6.4,0.0
3,34.0,3,24.0,0.25,0.5,0.167,0.5,0.5,0.313,1.5,0.6,5.0,2.5,0.0,0.5,1.0,2.5,4.0,0.0
4,23.0,28,28.6,0.407,2.0,0.358,2.6,0.454,0.494,3.3,0.863,4.6,1.5,0.9,0.2,1.0,1.6,14.5,0.0
4,23.0,8,28.8,0.404,1.9,0.345,2.8,0.46,0.488,3.5,0.861,4.7,1.6,1.0,0.2,1.0,1.7,14.8,0.0
4,23.0,0,24.8,0.464,2.5,0.588,0.8,0.273,0.643,0.8,0.001,4.5,0.5,0.5,0.3,1.0,1.3,9.8,0.0
0,30.0,27,8.1,0.594,0.1,0.5,0.9,0.6,0.609,0.2,0.8,1.3,0.4,0.3,0.3,0.4,1.2,2.2,0.0
0,23.0,28,9.6,0.527,0.2,0.333,1.1,0.6,0.573,0.5,0.48,2.5,0.9,0.4,0.5,0.5,1.6,3.4,0.0
0,23.0,11,9.6,0.519,0.2,0.286,1.1,0.605,0.558,0.5,0.458,2.3,0.9,0.4,0.5,0.6,1.6,3.3,0.0
0,23.0,21,9.0,0.667,1.0,0.001,1.0,0.5,0.833,1.0,0.001,6.0,1.0,0.0,0.0,0.0,1.0,6.0,0.0
6,30.0,0,29.6,0.437,2.8,0.394,2.6,0.495,0.55,1.1,0.78,3.4,3.0,0.9,0.3,1.3,1.7,14.6,0.0
1,33.0,8,31.9,0.487,2.4,0.402,4.9,0.542,0.566,4.6,0.883,3.7,2.6,0.6,0.1,2.3,1.9,21.4,1.0
1,23.0,21,22.9,0.577,0.5,0.322,3.7,0.645,0.611,1.2,0.745,6.1,0.8,0.4,1.3,1.7,1.3,10.0,0.0
6,26.0,23,34.1,0.473,2.1,0.347,7.4,0.529,0.526,5.3,0.841,4.6,5.7,0.8,0.3,2.5,2.8,26.5,1.0
6,21.0,12,11.8,0.421,0.6,0.414,1.9,0.424,0.471,1.4,0.763,1.4,0.9,0.4,0.0,0.6,1.0,6.8,0.0
1,30.0,27,20.8,0.489,0.8,0.315,2.7,0.585,0.545,1.9,0.739,5.9,0.4,0.7,0.9,0.5,2.0,9.7,0.0
6,22.0,4,13.6,0.328,0.6,0.25,0.9,0.414,0.393,0.6,0.682,2.0,1.1,0.5,0.2,0.7,1.1,4.3,0.0
3,23.0,15,16.3,0.462,0.5,0.4,1.0,0.5,0.538,0.3,0.5,1.3,1.0,1.0,0.5,1.0,1.3,3.8,0.0
0,25.0,3,2.8,0.5,0.3,0.6,0.3,0.429,0.625,0.3,0.001,0.9,0.1,0.1,0.1,0.1,0.2,1.6,0.0
4,19.0,26,22.4,0.446,1.2,0.314,2.6,0.55,0.515,0.8,0.792,2.2,2.0,0.5,0.1,1.1,1.7,9.5,0.0
6,21.0,7,15.2,0.5,0.4,0.391,1.3,0.551,0.563,0.4,0.585,2.4,0.8,0.5,0.2,0.5,1.2,4.4,0.0
4,26.0,28,36.1,0.468,1.9,0.395,4.6,0.505,0.535,2.9,0.899,4.5,3.5,1.2,0.8,1.4,2.0,17.7,0.0
4,26.0,23,36.4,0.463,1.8,0.387,4.5,0.503,0.529,2.8,0.897,4.3,3.6,1.2,0.8,1.4,2.1,17.2,0.0
4,26.0,2,32.6,0.513,2.4,0.48,5.4,0.529,0.592,4.4,0.917,6.0,2.8,1.2,1.0,1.8,2.0,22.4,1.0
4,24.0,11,16.0,0.388,0.8,0.333,0.9,0.451,0.477,1.2,0.693,3.4,0.5,0.6,0.2,0.4,1.3,5.5,0.0
3,30.0,1,25.5,0.49,2.1,0.464,3.2,0.509,0.587,2.4,0.887,4.2,3.7,0.6,0.3,1.6,1.6,14.8,0.0
4,27.0,14,30.4,0.392,1.8,0.313,3.7,0.447,0.456,1.8,0.795,3.3,2.5,0.8,0.2,1.5,3.3,14.6,0.0
6,26.0,7,28.6,0.485,1.3,0.38,3.1,0.55,0.557,1.1,0.722,3.9,3.6,1.0,0.6,1.6,2.4,11.1,0.0
1,21.0,24,5.8,0.393,0.1,0.143,0.6,0.476,0.411,0.3,0.417,1.2,0.2,0.3,0.3,0.4,0.8,1.8,0.0
4,26.0,1,35.7,0.486,2.5,0.336,7.4,0.574,0.548,4.3,0.777,7.0,3.2,1.1,0.4,3.1,2.7,26.5,1.0
6,19.0,11,6.7,0.571,0.0,0.0,0.7,0.667,0.571,0.2,0.5,1.0,0.5,0.7,0.0,0.3,1.5,1.5,0.0
4,23.0,13,23.9,0.434,1.3,0.361,1.4,0.532,0.538,0.5,0.963,4.2,1.1,0.7,0.1,0.7,1.5,7.0,0.0
3,26.0,19,35.2,0.479,1.8,0.401,6.5,0.507,0.531,4.9,0.834,3.6,6.2,0.9,0.3,2.0,2.3,23.6,1.0
0,25.0,28,20.2,0.64,0.5,0.431,3.9,0.679,0.674,1.9,0.739,6.4,0.6,0.3,0.6,0.7,1.8,11.1,0.0
0,25.0,13,21.4,0.654,0.5,0.44,4.3,0.697,0.691,2.0,0.741,6.8,0.7,0.3,0.6,0.7,1.9,12.1,0.0
0,25.0,7,12.3,0.429,0.0,0.0,1.5,0.45,0.429,1.3,0.727,4.0,0.0,0.2,0.5,1.0,1.5,4.3,0.0
4,31.0,6,30.3,0.397,1.9,0.375,0.5,0.519,0.556,0.4,0.686,3.5,1.4,0.8,0.2,0.5,2.3,6.9,0.0
6,31.0,8,22.1,0.441,1.9,0.42,2.0,0.463,0.548,3.0,0.816,3.0,2.2,0.7,0.1,1.1,1.9,12.8,0.0
4,33.0,15,33.4,0.518,0.5,0.321,6.7,0.544,0.537,6.9,0.844,5.9,5.1,2.0,0.3,1.7,1.3,21.9,1.0
4,23.0,15,13.3,0.52,0.1,0.167,1.7,0.632,0.54,0.9,0.75,2.8,0.6,0.6,0.0,0.3,1.1,4.7,0.0
6,29.0,7,31.5,0.48,1.9,0.452,2.1,0.508,0.594,1.4,0.842,2.9,2.3,1.4,0.5,1.2,2.1,11.4,0.0
3,31.0,6,6.5,0.231,0.4,0.273,0.0,0.0,0.346,0.1,0.5,0.3,1.1,0.8,0.0,0.4,0.4,1.3,0.0
1,25.0,7,16.3,0.497,0.9,0.412,1.3,0.578,0.598,0.6,0.935,2.3,1.5,0.4,0.3,0.7,1.6,5.7,0.0
0,28.0,0,26.6,0.624,0.0,0.0,5.4,0.626,0.624,1.1,0.593,11.2,0.8,0.7,1.2,0.8,2.2,12.0,0.0
3,27.0,16,22.7,0.422,1.6,0.403,1.3,0.449,0.539,0.4,0.781,2.7,2.5,1.0,0.4,1.1,2.0,7.6,0.0
0,23.0,21,29.7,0.517,1.2,0.34,4.3,0.605,0.573,2.8,0.739,8.7,2.5,0.4,0.6,2.2,3.0,15.0,0.0
3,28.0,3,24.2,0.442,0.8,0.375,1.1,0.514,0.539,0.9,0.793,3.1,3.2,1.6,0.6,1.3,2.5,5.5,0.0
3,20.0,14,9.0,0.397,0.1,0.143,1.0,0.463,0.412,0.2,0.455,1.2,1.9,0.4,0.2,0.6,0.5,2.4,0.0
6,19.0,13,14.2,0.417,0.7,0.419,0.5,0.415,0.544,0.4,0.875,2.1,0.5,0.2,0.2,0.4,0.9,3.6,0.0
6,21.0,10,10.4,0.46,0.3,0.245,1.6,0.543,0.494,0.6,0.73,1.1,0.9,0.4,0.2,0.9,0.8,4.8,0.0
1,26.0,14,19.9,0.661,0.0,0.167,4.2,0.67,0.662,1.8,0.722,5.6,1.3,0.6,0.7,1.0,2.4,10.3,0.0
6,30.0,29,32.6,0.445,2.6,0.341,5.0,0.528,0.521,3.2,0.819,4.0,4.3,0.5,0.2,3.1,2.0,20.9,1.0
0,23.0,2,29.4,0.715,0.0,0.0,5.5,0.718,0.715,1.7,0.511,9.0,1.7,0.8,2.6,1.3,2.8,12.6,0.0
6,25.0,12,13.9,0.39,0.2,0.27,1.0,0.434,0.426,1.1,0.818,1.2,1.2,0.2,0.1,0.4,1.2,3.9,0.0
1,25.0,0,31.0,0.508,0.8,0.256,4.4,0.624,0.548,2.0,0.813,7.0,1.2,0.7,1.2,1.2,3.2,13.2,0.0
0,25.0,26,21.4,0.532,0.6,0.36,3.3,0.586,0.575,1.6,0.745,6.0,2.6,0.5,0.6,1.9,3.2,10.2,0.0
3,35.0,28,29.8,0.406,1.8,0.361,1.7,0.466,0.51,1.7,0.812,2.5,7.5,1.0,0.2,1.7,2.1,10.5,0.0
3,35.0,29,29.7,0.408,1.8,0.362,1.8,0.469,0.511,1.8,0.813,2.5,7.7,1.0,0.2,1.7,2.2,10.7,0.0
3,35.0,17,31.2,0.39,1.8,0.36,1.4,0.438,0.5,0.8,0.8,2.2,5.6,1.2,0.2,1.4,1.8,9.0,0.0
6,30.0,16,25.1,0.39,2.0,0.348,0.9,0.527,0.524,0.4,0.607,5.0,1.3,0.7,0.1,0.6,1.1,8.3,0.0
1,32.0,12,16.2,0.406,1.0,0.333,0.9,0.523,0.509,0.7,0.735,3.7,1.3,0.7,0.8,0.6,1.9,5.5,0.0
4,32.0,23,25.8,0.452,1.3,0.405,1.7,0.497,0.551,0.5,0.73,5.8,1.6,0.7,0.6,1.0,2.4,7.7,0.0
4,32.0,16,20.5,0.625,2.0,0.8,0.5,0.333,0.875,1.0,0.5,3.0,1.0,1.0,0.0,1.0,2.5,8.0,0.0
6,23.0,0,13.7,0.395,0.1,0.083,1.6,0.516,0.407,0.9,0.692,3.8,0.6,0.6,0.2,0.7,1.4,4.4,0.0
3,21.0,8,33.3,0.415,1.4,0.279,6.3,0.466,0.453,3.0,0.837,6.2,6.0,0.8,0.6,3.3,2.8,19.9,0.0
6,32.0,2,22.4,0.468,1.8,0.423,2.0,0.518,0.579,0.8,0.971,1.9,2.0,0.6,0.2,1.0,1.8,10.4,0.0
3,34.0,9,34.6,0.495,4.9,0.427,4.9,0.588,0.619,5.0,0.922,6.3,6.4,1.0,0.4,3.2,2.2,29.4,1.0
3,19.0,18,19.6,0.445,0.5,0.333,1.2,0.516,0.51,0.5,0.621,3.5,2.5,0.9,0.3,1.1,1.9,4.4,0.0
0,29.0,13,33.2,0.564,0.4,0.241,9.4,0.593,0.574,6.0,0.813,12.4,2.5,1.1,2.0,2.1,2.7,25.7,1.0
6,20.0,30,4.8,0.333,0.1,0.25,0.4,0.357,0.361,0.2,0.001,0.6,0.2,0.1,0.1,0.2,1.0,1.2,0.0
6,25.0,25,13.9,0.446,1.4,0.382,1.2,0.561,0.569,0.7,0.886,2.4,1.3,0.8,0.3,0.9,1.9,7.3,0.0
1,23.0,10,6.3,0.417,0.8,0.3,0.5,0.001,0.542,0.5,0.001,1.5,0.3,0.0,0.3,0.0,0.5,3.8,0.0
0,33.0,15,11.7,0.496,0.4,0.297,1.8,0.576,0.539,1.1,0.727,3.6,0.5,0.2,0.5,0.6,2.0,5.7,0.0
3,32.0,25,5.9,0.364,0.2,0.375,0.2,0.353,0.455,0.1,0.6,0.4,1.3,0.2,0.0,0.3,0.6,1.3,0.0
4,33.0,3,36.1,0.51,0.5,0.307,8.7,0.529,0.523,6.5,0.881,4.6,5.1,1.0,0.5,2.2,2.7,25.3,1.0
1,21.0,12,9.6,0.525,0.1,0.5,1.1,0.526,0.538,0.6,0.625,2.5,0.2,0.3,0.3,0.5,0.7,2.9,0.0
6,24.0,8,17.2,0.581,0.1,0.263,3.6,0.6,0.588,1.5,0.591,3.4,0.9,1.0,0.3,1.2,2.2,9.1,0.0
0,33.0,26,9.6,0.387,0.6,0.279,0.6,0.632,0.484,0.2,0.833,2.6,1.4,0.1,0.3,0.8,1.4,3.1,0.0
4,19.0,20,14.9,0.416,0.7,0.289,1.0,0.594,0.5,0.1,0.4,2.6,1.4,0.3,0.3,0.6,1.2,4.2,0.0
3,29.0,28,34.1,0.448,2.5,0.394,3.3,0.5,0.544,3.3,0.828,3.2,5.3,0.8,0.3,1.7,2.4,17.5,0.0
3,29.0,6,34.1,0.455,2.6,0.405,3.4,0.504,0.555,3.2,0.821,3.1,5.3,0.7,0.3,1.7,2.3,17.7,0.0
3,29.0,2,34.0,0.378,1.7,0.286,3.0,0.462,0.446,4.5,0.871,3.8,5.7,1.0,0.0,2.0,2.5,15.5,0.0
6,26.0,9,25.6,0.436,2.1,0.416,1.1,0.482,0.582,0.7,0.818,4.2,3.3,1.4,0.1,1.5,1.8,9.2,0.0
3,23.0,6,36.4,0.504,2.7,0.35,8.4,0.589,0.566,8.0,0.732,8.8,8.1,1.5,0.5,3.7,2.6,33.1,1.0
6,23.0,20,30.2,0.406,1.9,0.349,2.9,0.453,0.485,2.6,0.76,4.4,2.2,1.0,0.3,1.3,3.2,14.1,0.0
6,23.0,3,28.3,0.494,0.8,0.318,3.0,0.583,0.547,0.9,0.806,3.1,2.8,0.7,0.3,1.4,2.5,9.3,0.0
3,25.0,27,8.8,0.442,0.2,0.273,0.9,0.5,0.477,0.2,0.75,0.9,0.9,0.2,0.1,0.3,0.6,2.4,0.0
3,36.0,3,15.4,0.425,0.9,0.352,1.6,0.48,0.5,0.5,0.659,1.4,2.7,0.2,0.1,1.1,1.2,6.4,0.0
0,29.0,3,13.0,0.624,0.0,0.0,2.7,0.63,0.624,1.0,0.522,6.7,0.6,0.7,0.3,1.1,1.9,6.5,0.0
4,25.0,11,19.1,0.364,1.1,0.301,1.5,0.434,0.443,1.5,0.836,2.4,1.4,0.5,0.2,0.9,1.5,7.8,0.0
6,23.0,2,8.8,0.438,0.0,0.0,1.3,0.5,0.438,0.3,0.5,0.9,0.8,0.4,0.1,0.8,1.6,2.9,0.0
3,28.0,29,20.0,0.522,1.0,0.286,5.0,0.625,0.565,0.0,0.0,4.0,4.5,1.5,0.5,0.5,3.0,13.0,0.0
1,34.0,2,36.0,0.559,1.8,0.376,8.7,0.622,0.607,6.8,0.934,6.7,5.3,0.8,1.5,3.5,2.4,29.7,1.0
0,19.0,8,25.1,0.645,0.0,0.0,3.6,0.647,0.645,1.3,0.611,8.7,1.1,0.6,0.9,1.2,2.7,8.5,0.0
1,21.0,10,19.6,0.442,0.7,0.347,2.7,0.475,0.487,1.3,0.75,5.6,1.0,1.1,0.6,1.1,2.2,8.7,0.0
6,21.0,17,36.3,0.46,2.7,0.363,6.3,0.518,0.528,4.2,0.776,5.9,4.5,1.7,0.7,3.4,2.5,24.7,1.0
4,22.0,28,5.8,0.214,0.1,0.143,0.3,0.286,0.25,0.1,0.5,1.0,0.3,0.2,0.1,0.3,0.2,0.9,0.0
4,22.0,2,5.6,0.25,0.1,0.167,0.3,0.333,0.292,0.1,0.5,1.0,0.1,0.2,0.1,0.3,0.2,1.1,0.0
6,23.0,25,4.0,0.6,0.6,0.625,0.1,0.5,0.85,0.2,0.667,0.8,0.3,0.2,0.1,0.1,0.7,2.1,0.0
0,28.0,22,35.1,0.532,1.0,0.338,9.9,0.566,0.557,10.1,0.86,10.4,4.1,1.1,1.6,3.5,3.2,33.0,1.0
0,25.0,24,19.6,0.681,0.1,0.429,2.4,0.689,0.688,1.0,0.659,5.0,1.2,0.5,1.2,0.8,2.2,6.0,0.0
0,24.0,28,11.2,0.521,0.0,0.0,1.5,0.526,0.521,0.9,0.682,3.8,0.9,0.2,0.9,0.7,2.1,3.9,0.0
0,24.0,10,11.7,0.516,0.0,0.0,1.5,0.522,0.516,1.0,0.682,3.9,1.0,0.2,1.0,0.6,2.2,4.1,0.0
1,29.0,28,31.8,0.408,1.8,0.342,1.3,0.555,0.525,0.7,0.733,5.0,1.5,0.9,0.4,0.9,2.1,8.8,0.0
1,29.0,6,32.2,0.416,1.9,0.355,1.3,0.559,0.54,0.8,0.75,4.7,1.5,1.0,0.5,0.9,2.0,9.1,0.0
1,29.0,2,29.3,0.349,1.0,0.231,1.5,0.529,0.419,0.5,0.6,6.7,1.3,0.3,0.0,1.0,2.8,6.5,0.0
3,24.0,27,13.7,0.37,1.0,0.378,0.7,0.36,0.475,0.4,0.708,1.5,1.5,0.4,0.1,0.4,1.3,4.8,0.0
4,27.0,29,9.9,0.35,0.8,0.305,0.5,0.447,0.454,0.5,0.773,1.1,0.5,0.2,0.2,0.5,1.0,3.8,0.0
6,29.0,17,10.7,0.361,0.6,0.304,0.6,0.432,0.446,0.6,0.001,0.6,0.7,0.3,0.1,0.5,0.9,3.6,0.0
3,24.0,0,13.3,0.48,0.0,0.0,1.3,0.5,0.48,0.1,0.667,1.6,1.7,0.3,0.1,0.6,0.9,2.8,0.0
6,30.0,19,18.0,0.351,1.4,0.324,0.9,0.408,0.46,0.8,0.857,2.0,1.5,0.6,0.1,0.8,1.9,6.8,0.0
3,25.0,25,34.1,0.515,1.6,0.331,7.9,0.581,0.559,4.9,0.786,4.3,6.3,1.1,0.3,2.7,2.5,25.4,1.0
3,24.0,21,29.2,0.5,0.4,0.309,5.0,0.527,0.519,1.9,0.786,4.0,5.5,1.5,0.4,2.3,2.0,13.2,0.0
1,25.0,13,15.2,0.617,0.2,0.3,2.4,0.675,0.64,0.8,0.623,3.8,0.5,0.3,0.5,0.7,2.2,6.1,0.0
3,23.0,5,35.1,0.468,2.6,0.421,5.0,0.496,0.547,4.3,0.868,2.6,7.9,1.3,0.1,2.9,2.1,21.9,1.0
1,20.0,10,13.5,0.532,0.3,0.485,0.9,0.549,0.597,0.4,0.528,4.4,0.9,0.7,0.5,0.6,1.7,3.2,0.0
0,24.0,17,9.1,0.529,0.6,0.361,1.8,0.621,0.593,1.7,0.792,2.4,0.6,0.1,0.0,0.4,1.5,6.9,0.0
1,36.0,29,14.5,0.378,0.5,0.232,1.3,0.496,0.43,0.7,0.857,2.9,0.9,0.3,0.3,0.6,1.2,4.8,0.0
6,32.0,12,34.4,0.461,2.9,0.384,5.1,0.522,0.545,4.4,0.875,6.1,5.2,1.4,0.4,3.3,2.7,23.5,1.0
0,37.0,30,10.0,0.535,0.1,0.235,1.3,0.598,0.556,0.6,0.676,2.0,0.8,0.3,0.3,0.5,1.9,3.5,0.0
6,20.0,20,30.9,0.484,0.9,0.309,6.1,0.528,0.515,1.3,0.769,7.7,5.8,0.8,0.5,3.0,2.1,16.2,0.0
3,24.0,20,35.5,0.507,0.9,0.338,9.4,0.532,0.528,9.6,0.908,4.7,5.7,1.6,1.1,2.9,2.7,31.0,1.0
1,30.0,30,10.0,0.607,0.1,0.158,1.1,0.738,0.625,0.6,0.771,1.4,0.5,0.1,0.2,0.2,1.2,3.1,0.0
0,30.0,17,30.5,0.679,0.0,0.0,5.1,0.684,0.679,3.1,0.671,11.6,0.9,0.8,1.3,1.7,2.9,13.4,0.0
3,24.0,30,18.1,0.449,0.6,0.382,1.7,0.48,0.509,0.8,0.75,3.3,2.5,1.0,0.5,0.9,1.7,6.2,0.0
1,27.0,7,30.2,0.583,1.0,0.382,5.5,0.645,0.628,3.0,0.623,6.8,2.9,0.8,0.8,1.6,1.9,17.1,0.0
6,34.0,28,29.6,0.434,1.8,0.35,2.5,0.523,0.524,2.3,0.821,2.1,2.9,0.6,0.4,1.7,1.0,12.6,0.0
6,34.0,10,30.2,0.439,1.8,0.347,2.7,0.536,0.528,2.3,0.815,2.1,2.9,0.6,0.4,1.8,1.0,13.1,0.0
6,34.0,12,23.3,0.318,1.3,0.417,0.5,0.2,0.432,2.3,0.9,2.0,3.5,0.8,0.8,0.5,1.5,7.0,0.0
3,27.0,28,16.6,0.362,1.4,0.343,0.5,0.435,0.498,1.0,0.747,1.5,2.4,0.6,0.2,0.5,0.9,6.1,0.0
3,27.0,18,15.3,0.368,1.2,0.347,0.4,0.463,0.511,0.8,0.746,1.4,2.2,0.6,0.2,0.5,0.9,5.3,0.0
3,27.0,26,28.2,0.342,2.8,0.327,1.3,0.381,0.459,2.5,0.75,2.5,4.7,0.8,0.7,0.8,1.3,13.7,0.0
1,28.0,24,35.6,0.484,2.3,0.407,4.8,0.532,0.562,4.3,0.807,4.3,2.3,0.8,0.8,1.8,2.4,20.6,1.0
6,23.0,16,9.7,0.449,1.3,0.427,0.3,0.563,0.628,0.1,0.001,1.1,0.6,0.2,0.0,0.3,1.0,4.7,0.0
6,35.0,28,11.8,0.316,1.0,0.4,0.0,0.0,0.474,0.2,0.001,0.8,0.3,0.3,0.2,0.8,1.5,3.2,0.0
6,35.0,5,9.3,0.375,1.0,0.429,0.0,0.0,0.563,0.3,0.001,0.3,0.0,0.3,0.3,0.7,1.0,3.3,0.0
1,32.0,9,31.5,0.517,0.6,0.33,2.6,0.594,0.565,1.1,0.7,7.4,6.8,1.0,0.8,2.6,3.0,8.1,0.0
6,20.0,10,33.9,0.409,2.5,0.333,4.7,0.467,0.481,4.7,0.788,4.0,3.6,0.8,0.2,2.9,1.7,21.8,1.0
1,32.0,9,14.7,0.516,0.7,0.349,1.7,0.645,0.592,0.9,0.714,3.9,1.0,0.5,0.3,1.1,2.0,6.3,0.0
6,29.0,3,16.0,0.587,0.5,0.382,1.7,0.686,0.649,1.0,0.674,2.9,0.8,0.8,0.7,0.7,1.7,5.9,0.0
1,36.0,7,19.4,0.498,0.4,0.25,2.6,0.595,0.533,1.5,0.707,2.5,1.2,0.4,0.3,0.9,1.9,8.1,0.0
6,22.0,6,24.7,0.543,1.2,0.421,2.1,0.652,0.643,1.4,0.714,2.7,1.6,0.8,0.1,1.0,2.6,9.3,0.0
4,19.0,0,20.2,0.475,1.5,0.392,2.2,0.554,0.57,0.5,0.875,2.1,1.0,0.7,0.1,0.6,1.2,9.2,0.0
0,33.0,1,14.1,0.5,0.7,0.388,1.0,0.622,0.601,0.6,0.625,3.3,1.3,0.3,0.2,0.5,1.9,4.7,0.0
6,22.0,19,29.7,0.444,1.8,0.351,1.7,0.62,0.559,1.1,0.8,3.3,1.9,0.6,0.4,1.0,2.5,9.9,0.0
1,24.0,28,24.5,0.48,0.9,0.322,4.0,0.539,0.524,1.6,0.716,4.6,1.0,0.3,0.3,1.0,1.1,12.2,0.0
1,24.0,30,24.3,0.488,1.0,0.337,4.3,0.545,0.534,1.5,0.759,4.3,1.2,0.4,0.4,1.2,1.3,13.0,0.0
1,24.0,13,24.9,0.459,0.6,0.276,3.3,0.524,0.495,1.8,0.649,5.4,0.6,0.3,0.2,0.5,0.6,10.3,0.0
3,22.0,11,33.6,0.482,2.9,0.399,4.3,0.559,0.578,2.7,0.865,3.7,10.2,1.7,0.4,2.6,1.2,19.8,0.0
4,21.0,26,9.2,0.321,0.3,0.2,0.7,0.462,0.375,0.8,0.778,1.3,1.2,0.1,0.0,0.8,0.7,3.1,0.0
3,21.0,28,13.9,0.425,0.6,0.321,1.2,0.516,0.5,1.1,0.838,1.6,1.3,0.6,0.2,0.8,0.8,5.4,0.0
3,21.0,21,13.9,0.439,0.7,0.34,1.2,0.525,0.518,1.2,0.838,1.5,1.3,0.6,0.2,0.8,0.8,5.7,0.0
6,30.0,6,30.1,0.38,2.9,0.36,1.8,0.417,0.497,1.8,0.756,3.6,1.7,0.7,0.1,0.9,1.6,13.9,0.0
3,33.0,22,36.7,0.45,2.9,0.393,3.7,0.508,0.548,5.6,0.864,6.2,10.7,1.3,0.6,3.4,2.0,21.6,1.0
6,20.0,6,11.6,0.423,0.8,0.342,1.4,0.489,0.5,1.3,0.875,1.3,0.8,0.3,0.1,0.8,1.3,6.4,0.0
0,29.0,22,12.5,0.605,0.0,0.0,2.2,0.612,0.605,1.2,0.694,2.8,0.6,0.3,0.5,0.6,1.5,5.7,0.0
6,28.0,21,24.8,0.471,1.9,0.446,1.1,0.522,0.62,0.8,0.893,2.1,1.2,0.9,0.2,0.7,2.0,8.6,0.0
6,31.0,2,23.5,0.456,2.0,0.413,1.1,0.566,0.605,0.3,0.625,2.5,1.6,0.5,0.2,0.7,2.4,8.3,0.0
6,25.0,21,12.4,0.416,0.4,0.393,0.8,0.429,0.487,0.8,0.815,2.0,0.4,0.5,0.1,0.6,1.3,3.6,0.0
1,30.0,22,33.7,0.498,1.8,0.38,4.3,0.572,0.571,1.4,0.856,5.8,2.5,1.0,0.5,1.3,2.0,15.3,0.0
5,27.0,28,32.7,0.517,0.8,0.351,2.9,0.594,0.573,1.7,0.731,7.9,3.8,1.1,0.2,1.5,2.6,10.0,0.0
4,27.0,24,33.4,0.504,0.7,0.304,2.9,0.594,0.551,1.7,0.731,8.2,3.9,1.1,0.2,1.5,2.6,9.5,0.0
6,27.0,19,26.3,0.612,2.0,0.632,3.0,0.6,0.735,1.8,0.733,5.3,3.2,1.2,0.5,1.2,2.2,13.8,0.0
0,24.0,19,19.6,0.521,0.1,0.235,2.0,0.564,0.536,0.6,0.755,6.6,0.9,0.6,0.8,0.8,2.6,5.1,0.0
0,42.0,15,7.7,0.083,0.0,0.0,0.2,0.1,0.083,0.2,0.5,1.3,0.0,0.2,0.2,0.0,1.3,0.5,0.0
1,25.0,1,15.6,0.455,1.7,0.414,0.5,0.653,0.627,0.2,0.667,2.5,0.7,0.3,0.3,0.3,1.3,6.2,0.0
0,22.0,18,13.3,0.534,0.1,0.115,1.7,0.652,0.547,1.2,0.672,2.9,0.7,0.5,0.3,0.6,1.4,4.9,0.0
3,21.0,8,27.1,0.369,1.2,0.3,2.6,0.41,0.426,0.8,0.817,2.7,5.9,1.3,0.4,2.0,3.0,9.5,0.0
4,32.0,4,31.3,0.472,1.0,0.319,4.4,0.531,0.516,2.6,0.817,4.4,3.7,0.9,0.2,1.9,1.4,14.6,0.0
1,27.0,27,14.6,0.421,0.4,0.254,0.7,0.66,0.496,0.2,0.563,2.9,0.6,0.4,0.1,0.4,1.0,2.9,0.0
0,28.0,18,12.8,0.535,0.1,0.2,2.5,0.56,0.542,2.4,0.78,5.1,0.9,0.4,0.4,1.1,1.7,7.6,0.0
6,23.0,15,35.4,0.432,3.0,0.371,4.4,0.488,0.521,2.6,0.92,5.7,4.3,0.9,0.3,2.4,1.7,20.5,1.0
4,30.0,11,32.1,0.452,3.8,0.425,2.3,0.507,0.593,1.3,0.86,4.9,2.7,1.2,0.3,1.8,2.0,17.4,0.0
4,26.0,15,19.4,0.426,0.8,0.356,1.0,0.506,0.521,0.3,0.458,3.7,0.7,0.8,0.3,0.8,1.6,4.8,0.0
3,36.0,28,18.8,0.447,0.6,0.311,1.0,0.621,0.534,0.9,0.739,1.9,2.5,0.6,0.1,0.8,1.1,4.9,0.0
3,36.0,16,19.1,0.447,0.7,0.311,1.0,0.621,0.534,1.0,0.739,1.9,2.5,0.5,0.1,0.8,1.2,5.0,0.0
3,26.0,0,14.3,0.415,0.6,0.413,0.9,0.416,0.497,0.5,0.857,1.3,1.3,0.5,0.2,0.6,1.3,4.1,0.0
3,32.0,16,33.0,0.469,2.5,0.384,5.0,0.526,0.546,2.4,0.859,5.2,7.1,1.3,0.4,3.0,1.9,19.8,0.0
0,29.0,25,8.9,0.681,0.1,0.75,1.3,0.677,0.703,0.4,0.824,2.1,0.1,0.1,0.3,0.4,1.3,3.3,0.0
0,36.0,1,30.7,0.472,2.1,0.43,1.4,0.553,0.613,0.3,0.722,6.1,2.7,0.5,0.9,0.6,1.9,9.4,0.0
6,22.0,29,17.1,0.4,0.7,0.266,2.1,0.481,0.45,1.4,0.753,2.6,3.0,0.6,0.5,1.4,1.6,7.8,0.0
4,29.0,22,14.8,0.458,0.6,0.333,0.8,0.646,0.558,0.8,0.7,1.8,0.7,0.2,0.2,0.4,1.2,4.4,0.0
4,20.0,21,16.1,0.41,1.0,0.388,0.5,0.459,0.545,0.3,0.846,2.2,0.5,0.2,0.1,0.4,1.4,4.2,0.0
3,23.0,10,5.6,0.222,0.4,0.25,0.0,0.0,0.333,0.6,0.001,0.0,0.6,0.0,0.0,0.2,0.2,1.8,0.0
6,24.0,25,30.1,0.477,2.6,0.387,2.8,0.608,0.592,1.3,0.699,3.4,2.9,1.1,0.3,1.4,2.5,14.6,0.0
4,25.0,0,31.7,0.46,1.6,0.367,4.0,0.511,0.525,2.9,0.83,4.3,1.4,0.5,0.2,1.2,3.0,15.6,0.0
3,22.0,28,19.3,0.398,2.1,0.38,1.9,0.42,0.502,1.7,0.854,2.1,2.9,0.7,0.3,1.6,1.6,11.8,0.0
3,22.0,7,19.5,0.399,2.2,0.378,2.0,0.425,0.503,1.7,0.866,2.0,3.0,0.7,0.3,1.6,1.6,12.1,0.0
3,22.0,12,15.7,0.381,1.3,0.444,1.3,0.333,0.476,1.7,0.714,3.0,1.7,0.7,0.0,1.0,2.3,8.3,0.0
0,33.0,16,11.6,0.481,0.4,0.333,1.3,0.556,0.537,0.5,0.615,2.8,0.3,0.1,0.4,0.7,1.4,4.1,0.0
4,35.0,16,22.6,0.381,1.4,0.336,0.6,0.548,0.514,0.4,0.8,2.9,3.0,0.6,0.1,1.1,1.7,6.0,0.0
4,25.0,18,32.7,0.459,1.7,0.405,6.5,0.474,0.505,4.9,0.879,5.0,4.7,0.7,0.4,3.3,2.6,22.9,1.0
3,30.0,28,36.9,0.489,3.3,0.378,6.6,0.571,0.569,4.0,0.897,5.1,5.4,1.0,0.8,2.3,2.8,27.0,1.0
3,30.0,2,37.0,0.486,3.3,0.374,6.7,0.569,0.565,4.0,0.883,5.1,5.3,1.0,0.8,2.3,2.7,27.1,1.0
3,30.0,6,36.8,0.509,3.3,0.408,6.0,0.59,0.6,4.2,0.001,5.2,6.5,1.0,0.5,2.3,3.2,26.2,1.0
1,25.0,21,11.3,0.415,0.5,0.4,1.5,0.421,0.472,0.5,0.556,4.0,0.5,1.3,0.4,0.4,0.5,5.0,0.0
6,20.0,8,30.1,0.42,1.4,0.336,3.8,0.464,0.477,3.5,0.725,3.9,4.7,0.9,0.3,2.8,3.1,15.3,0.0
0,21.0,11,15.3,0.573,0.0,0.167,2.6,0.598,0.578,1.5,0.648,3.9,0.9,0.4,1.5,0.9,2.2,6.8,0.0
0,23.0,14,27.2,0.493,1.5,0.348,4.4,0.576,0.556,3.3,0.787,6.6,0.9,1.1,3.2,1.5,3.4,16.7,0.0
4,27.0,1,4.7,0.259,0.2,0.25,0.1,0.286,0.352,0.0,0.5,0.7,0.4,0.2,0.2,0.1,0.3,0.9,0.0
3,32.0,28,25.3,0.413,1.5,0.349,2.5,0.463,0.49,1.2,0.914,2.2,3.5,0.7,0.1,1.8,1.8,10.7,0.0
3,32.0,12,25.7,0.418,1.5,0.35,2.6,0.469,0.493,1.2,0.924,2.2,3.5,0.7,0.1,1.8,1.8,10.9,0.0
3,32.0,7,18.7,0.304,1.7,0.333,0.7,0.25,0.413,1.0,0.75,2.0,3.0,0.7,0.3,0.7,2.0,7.3,0.0
1,38.0,13,36.1,0.501,2.1,0.308,9.2,0.587,0.549,4.8,0.759,8.4,6.9,0.9,0.6,3.1,1.7,29.5,1.0
6,25.0,9,18.4,0.509,0.8,0.41,2.1,0.563,0.582,0.9,0.919,1.7,2.9,0.5,0.1,0.7,1.5,7.4,0.0
6,23.0,20,16.4,0.478,2.2,0.453,0.7,0.581,0.66,0.9,0.817,2.3,1.1,0.6,0.1,0.5,1.4,9.0,0.0
1,26.0,26,7.5,0.5,0.0,0.0,0.8,0.75,0.5,0.3,0.5,2.5,0.3,0.3,0.0,1.0,0.8,1.8,0.0
1,26.0,28,26.1,0.466,2.6,0.41,2.5,0.545,0.586,1.7,0.809,3.7,1.5,1.0,0.4,0.5,1.7,14.4,0.0
1,26.0,23,25.2,0.474,2.6,0.455,2.2,0.5,0.604,1.6,0.818,3.8,1.5,0.9,0.4,0.6,1.7,13.9,0.0
1,26.0,2,29.0,0.446,2.4,0.3,3.4,0.68,0.538,2.2,0.786,3.2,1.6,1.4,0.4,0.0,1.8,16.2,0.0
4,21.0,0,14.3,0.479,0.4,0.284,1.6,0.579,0.527,0.7,0.661,3.8,0.9,0.5,0.5,0.5,1.4,5.2,0.0
1,35.0,11,8.2,0.37,0.3,0.3,0.6,0.412,0.426,0.3,0.75,1.3,0.6,0.3,0.4,0.4,2.0,2.2,0.0
4,23.0,26,32.6,0.446,2.1,0.324,5.7,0.519,0.506,4.1,0.774,4.8,2.8,0.7,0.2,2.1,1.9,21.8,1.0
6,20.0,24,10.0,0.366,0.7,0.367,0.9,0.366,0.45,0.4,0.571,1.2,1.1,0.5,0.1,1.0,1.0,4.3,0.0
4,26.0,26,15.6,0.533,0.6,0.45,1.6,0.573,0.607,0.9,0.667,3.2,2.2,0.5,0.2,1.1,1.6,5.8,0.0
0,27.0,7,33.7,0.633,0.8,0.398,8.6,0.671,0.661,5.1,0.824,11.7,10.0,1.3,0.7,3.6,2.6,24.8,1.0
3,25.0,3,11.5,0.2,0.0,0.0,0.5,0.25,0.2,0.5,0.25,1.5,1.0,0.0,0.0,0.5,0.5,1.5,0.0
0,27.0,28,8.2,0.561,0.0,0.0,1.0,0.605,0.561,0.7,0.727,2.6,0.2,0.1,0.6,0.4,0.9,2.6,0.0
0,27.0,13,8.0,0.541,0.0,0.0,0.9,0.588,0.541,0.7,0.75,2.5,0.2,0.1,0.5,0.4,0.8,2.5,0.0
4,25.0,3,14.7,0.506,0.4,0.327,1.5,0.588,0.557,1.1,0.794,2.5,0.6,0.5,0.6,0.4,1.4,5.2,0.0
4,24.0,18,28.7,0.44,0.7,0.28,2.6,0.522,0.487,2.0,0.748,3.9,2.2,1.6,0.7,1.3,3.2,9.4,0.0
0,22.0,4,8.9,0.533,0.1,0.273,1.0,0.592,0.558,0.3,0.714,1.9,0.2,0.3,0.4,0.3,1.1,2.7,0.0
3,23.0,26,29.3,0.436,0.7,0.265,4.3,0.486,0.466,2.2,0.891,3.6,6.3,1.3,0.2,1.8,1.4,12.8,0.0
3,26.0,14,22.9,0.432,1.5,0.377,2.2,0.478,0.518,1.0,0.806,2.2,4.6,1.0,0.1,0.9,0.4,9.8,0.0
0,34.0,7,14.6,0.771,0.0,0.001,2.1,0.768,0.776,0.5,0.439,4.9,0.9,0.2,0.6,1.2,1.9,4.9,0.0
3,31.0,8,16.0,0.388,0.6,0.314,1.1,0.451,0.46,0.7,0.769,1.3,3.2,0.4,0.1,0.7,1.5,4.7,0.0
1,19.0,15,13.6,0.406,0.5,0.229,1.3,0.588,0.464,1.2,0.947,2.1,0.7,0.5,0.1,0.7,1.3,5.5,0.0
0,29.0,28,6.9,0.51,0.4,0.423,0.5,0.6,0.618,0.5,0.875,1.4,0.9,0.2,0.1,0.3,0.8,2.7,0.0
0,29.0,0,6.8,0.568,0.4,0.478,0.5,0.667,0.693,0.4,0.833,1.4,0.8,0.2,0.0,0.3,0.8,2.7,0.0
0,29.0,10,8.0,0.143,0.0,0.0,0.3,0.25,0.143,1.3,0.001,1.3,2.0,0.3,0.7,0.0,0.3,2.0,0.0
6,26.0,28,20.8,0.465,1.7,0.462,1.0,0.47,0.611,0.6,0.958,2.3,1.1,0.5,0.1,0.8,1.4,7.9,0.0
6,26.0,12,20.7,0.464,1.7,0.447,1.1,0.494,0.604,0.5,0.95,2.4,1.1,0.5,0.1,0.9,1.3,7.8,0.0
6,26.0,14,22.3,0.467,2.3,0.636,0.0,0.0,0.7,1.3,0.001,1.7,1.7,0.0,0.0,0.0,2.0,8.3,0.0
0,21.0,29,21.6,0.712,0.0,0.001,3.5,0.711,0.714,1.1,0.534,7.9,0.8,0.4,2.2,0.8,2.2,8.2,0.0
4,23.0,30,27.0,0.476,1.8,0.408,1.4,0.607,0.61,1.0,0.864,2.7,1.2,0.6,0.1,0.8,1.3,9.3,0.0
0,31.0,6,25.6,0.49,1.1,0.369,1.2,0.692,0.606,0.5,0.786,3.5,1.0,0.3,1.0,0.6,2.2,6.2,0.0
1,25.0,17,8.1,0.573,0.2,0.381,1.0,0.648,0.627,1.1,0.679,1.5,0.4,0.3,0.2,0.6,1.1,3.8,0.0
2,23.0,28,13.3,0.464,0.9,0.361,0.9,0.656,0.582,0.6,0.8,2.4,0.3,0.3,0.3,0.7,1.7,5.2,0.0
1,23.0,8,14.1,0.469,1.0,0.371,1.0,0.651,0.589,0.6,0.788,2.6,0.4,0.3,0.3,0.8,1.8,5.6,0.0
4,23.0,24,5.0,0.25,0.0,0.0,0.3,0.001,0.25,0.5,0.001,1.0,0.0,0.0,0.0,0.0,1.3,1.0,0.0
0,22.0,27,14.4,0.484,0.0,0.111,1.3,0.513,0.488,0.8,0.66,3.2,0.5,0.3,1.0,0.4,2.4,3.4,0.0
6,26.0,14,22.1,0.439,1.0,0.366,1.2,0.531,0.541,0.5,0.852,4.7,1.4,1.0,0.3,0.6,1.5,5.9,0.0
6,25.0,22,10.2,0.41,0.5,0.343,0.8,0.465,0.487,0.8,0.655,1.2,0.7,0.2,0.1,0.6,0.4,3.8,0.0
0,27.0,1,11.6,0.697,0.1,0.333,1.5,0.726,0.709,0.5,0.853,2.8,0.7,0.2,0.8,0.4,1.3,3.8,0.0
3,22.0,0,5.5,0.379,0.2,0.278,0.3,0.545,0.466,0.0,0.5,0.6,0.5,0.1,0.0,0.2,0.5,1.3,0.0
1,20.0,9,19.7,0.485,0.7,0.327,2.6,0.557,0.536,1.3,0.66,3.1,1.9,0.5,0.4,1.5,2.3,8.5,0.0
1,27.0,30,35.1,0.447,2.5,0.331,5.5,0.534,0.518,2.6,0.717,7.5,3.9,0.5,0.5,3.0,2.4,21.2,1.0
4,25.0,9,19.7,0.494,1.3,0.387,1.2,0.695,0.62,0.7,0.721,3.4,1.7,0.5,0.3,1.0,2.4,7.1,0.0
0,27.0,23,14.2,0.508,0.3,0.234,2.1,0.626,0.543,1.3,0.775,4.1,0.9,0.3,0.5,0.9,1.8,6.5,0.0
6,23.0,26,20.2,0.49,0.4,0.283,2.7,0.551,0.522,0.8,0.649,2.9,1.3,0.5,0.3,0.7,1.7,7.4,0.0
1,21.0,14,12.5,0.391,0.7,0.333,0.4,0.542,0.511,0.2,0.778,1.9,0.7,0.4,0.1,0.6,1.5,3.1,0.0
6,27.0,3,35.8,0.472,2.7,0.374,5.7,0.54,0.549,4.6,0.84,4.8,4.0,0.9,0.2,2.6,2.3,24.2,1.0
6,22.0,28,4.8,0.5,0.5,0.438,0.5,0.6,0.635,0.1,0.333,0.8,0.1,0.1,0.0,0.1,0.6,2.6,0.0
6,22.0,6,5.1,0.48,0.6,0.438,0.4,0.556,0.62,0.1,0.333,0.8,0.1,0.1,0.0,0.1,0.6,2.7,0.0
6,30.0,23,21.8,0.438,1.6,0.438,1.2,0.437,0.561,1.5,0.909,3.2,1.5,0.5,0.1,1.1,1.6,8.7,0.0
3,23.0,28,14.7,0.44,0.4,0.368,1.5,0.462,0.482,1.7,0.756,1.8,2.7,0.8,0.1,1.2,1.4,5.8,0.0
3,23.0,23,15.8,0.425,0.4,0.389,1.5,0.435,0.469,1.9,0.756,2.0,2.9,0.8,0.1,1.1,1.4,6.1,0.0
0,29.0,25,3.4,0.5,0.0,0.0,0.4,0.556,0.5,0.2,0.75,1.1,0.4,0.0,0.0,0.4,0.7,0.9,0.0
4,31.0,12,32.9,0.51,1.8,0.405,6.6,0.55,0.566,4.4,0.869,6.1,4.0,1.4,0.6,1.5,1.6,23.0,1.0
0,30.0,16,10.0,0.4,1.0,0.5,0.0,0.0,0.6,1.0,0.001,3.0,0.0,0.5,0.0,0.5,1.5,4.0,0.0
6,28.0,5,30.0,0.411,1.5,0.36,2.7,0.446,0.485,1.8,0.72,3.9,4.0,0.8,0.2,1.6,2.2,11.6,0.0
3,21.0,18,10.6,0.492,0.7,0.455,1.3,0.513,0.574,0.9,0.933,1.9,1.0,0.3,0.1,0.5,1.1,5.6,0.0
3,32.0,24,36.3,0.472,4.3,0.381,5.4,0.583,0.577,8.5,0.919,4.3,7.2,0.8,0.3,3.2,1.9,32.3,1.0
4,22.0,24,17.3,0.48,1.2,0.426,1.2,0.545,0.597,0.6,0.657,2.6,1.0,0.4,0.4,0.5,1.1,6.6,0.0
1,24.0,8,21.0,0.407,1.3,0.369,0.6,0.537,0.549,0.6,0.786,2.3,0.6,0.5,0.6,0.6,1.9,5.6,0.0
1,20.0,14,3.9,0.4,0.0,0.0,0.9,0.5,0.4,0.3,0.6,0.6,0.6,0.1,0.0,0.2,0.6,2.1,0.0
0,34.0,16,30.4,0.509,1.8,0.372,3.8,0.619,0.592,1.7,0.766,6.6,1.2,0.5,2.4,1.4,2.5,14.7,0.0
0,34.0,5,7.7,0.655,0.1,0.667,1.1,0.655,0.672,0.4,0.75,1.3,0.4,0.0,0.1,0.7,1.0,2.8,0.0
1,34.0,28,20.2,0.383,1.7,0.346,1.0,0.468,0.503,1.3,0.892,7.0,1.9,0.2,0.2,1.1,1.6,8.4,0.0
1,34.0,5,20.0,0.389,1.7,0.354,1.0,0.467,0.511,1.4,0.889,6.8,1.9,0.2,0.2,1.1,1.6,8.5,0.0
1,34.0,15,23.0,0.304,1.7,0.263,0.7,0.5,0.413,0.7,0.001,8.7,2.7,0.7,0.7,0.3,2.0,7.0,0.0
3,36.0,15,33.3,0.396,2.0,0.333,1.8,0.503,0.501,2.3,0.855,4.3,5.3,1.1,0.4,2.0,2.8,12.0,0.0
1,27.0,25,16.2,0.476,1.1,0.368,1.4,0.618,0.58,1.3,0.812,3.6,0.9,0.4,0.4,0.8,1.2,7.4,0.0
3,21.0,4,16.1,0.414,0.6,0.333,1.2,0.468,0.481,1.4,0.875,2.4,2.4,0.8,0.2,1.0,1.0,5.6,0.0
0,23.0,16,9.0,0.328,0.3,0.219,0.5,0.462,0.388,0.5,0.667,2.3,0.7,0.2,0.2,0.4,0.8,2.4,0.0
6,26.0,12,23.5,0.525,1.0,0.392,2.6,0.602,0.597,1.1,0.775,3.7,2.2,0.5,0.3,0.9,1.9,9.2,0.0
3,21.0,20,18.2,0.389,1.3,0.309,1.8,0.477,0.47,0.5,0.7,2.3,1.6,0.6,0.2,0.9,1.5,7.9,0.0
0,34.0,10,4.5,0.676,0.0,0.0,1.3,0.694,0.676,0.8,0.762,1.6,0.2,0.1,0.1,0.3,0.2,3.3,0.0
4,25.0,29,34.4,0.513,3.0,0.408,5.5,0.599,0.605,5.1,0.883,8.5,1.8,0.6,0.6,1.9,2.1,25.2,1.0
4,25.0,18,24.6,0.428,1.0,0.311,2.4,0.506,0.49,1.8,0.778,3.7,2.5,0.8,0.2,1.2,1.5,9.5,0.0
1,27.0,15,30.1,0.453,1.3,0.362,2.4,0.525,0.533,1.3,0.774,5.2,1.6,1.0,0.4,1.1,2.1,10.1,0.0
4,27.0,4,19.1,0.389,0.4,0.214,1.6,0.5,0.431,0.6,0.571,3.4,1.6,0.6,0.1,0.3,1.9,5.0,0.0
4,22.0,10,26.6,0.559,0.9,0.319,3.8,0.674,0.611,1.7,0.658,5.6,1.6,0.5,0.4,1.2,1.8,11.8,0.0
6,23.0,0,3.5,0.375,0.1,0.2,0.4,0.455,0.406,0.2,0.001,0.5,0.0,0.1,0.0,0.1,0.2,1.2,0.0
6,26.0,28,12.9,0.357,1.1,0.346,0.1,0.467,0.515,0.9,0.911,1.3,0.5,0.5,0.1,0.4,1.2,4.6,0.0
6,26.0,10,13.4,0.353,1.2,0.342,0.2,0.467,0.509,0.9,0.911,1.4,0.5,0.5,0.1,0.4,1.2,4.8,0.0
4,20.0,11,28.3,0.43,1.4,0.325,4.1,0.485,0.485,4.9,0.828,4.1,1.5,0.6,0.1,1.8,2.1,17.3,0.0
6,36.0,16,15.6,0.331,0.8,0.326,0.2,0.348,0.462,0.4,0.85,2.2,0.5,0.4,0.3,0.4,1.4,3.2,0.0
6,22.0,22,32.5,0.452,2.3,0.384,4.8,0.494,0.525,3.1,0.811,2.8,3.5,0.8,0.1,1.4,2.2,19.5,0.0
3,22.0,19,12.2,0.335,0.6,0.286,0.5,0.424,0.427,0.4,0.688,0.9,1.1,0.5,0.0,0.4,0.9,3.3,0.0
6,31.0,18,35.0,0.434,2.8,0.377,5.1,0.474,0.511,2.4,0.788,4.3,5.9,0.9,0.6,2.6,2.0,21.0,1.0
3,30.0,11,19.5,0.523,0.3,0.419,3.0,0.536,0.547,0.7,0.854,2.9,5.0,1.0,0.1,1.8,1.3,7.6,0.0
1,22.0,17,30.6,0.516,1.3,0.385,3.2,0.596,0.589,1.2,0.733,3.9,2.0,1.0,1.0,1.4,3.5,11.4,0.0
4,25.0,28,25.6,0.448,1.1,0.325,2.6,0.529,0.513,1.5,0.829,4.7,1.9,1.1,0.5,1.3,2.8,10.0,0.0
4,25.0,4,26.7,0.447,1.2,0.322,2.8,0.534,0.513,1.6,0.846,4.8,2.0,1.2,0.5,1.4,2.8,10.6,0.0
4,25.0,22,16.0,0.455,0.3,0.5,1.3,0.444,0.5,0.7,0.571,3.7,1.0,0.5,0.0,0.2,2.2,4.3,0.0
4,31.0,26,20.5,0.459,1.8,0.409,1.8,0.525,0.574,0.7,0.745,2.2,1.5,0.2,0.1,0.9,1.8,9.8,0.0
0,35.0,6,8.1,0.604,0.0,0.25,1.8,0.618,0.608,0.5,0.563,2.6,0.3,0.1,0.6,0.9,1.2,4.1,0.0
6,20.0,4,14.3,0.379,0.4,0.364,0.9,0.387,0.442,0.8,0.786,1.7,1.0,0.3,0.1,0.6,0.8,3.9,0.0
6,31.0,8,11.3,0.365,0.8,0.378,0.3,0.333,0.5,0.4,0.692,1.4,0.7,0.3,0.0,0.3,0.7,3.3,0.0
3,26.0,17,15.2,0.412,0.4,0.227,1.0,0.61,0.471,0.3,0.9,1.6,3.1,0.8,0.1,0.8,0.5,3.4,0.0
3,24.0,22,28.2,0.424,2.1,0.398,1.6,0.464,0.545,0.8,0.783,4.1,2.6,1.6,0.5,1.4,2.5,10.4,0.0
0,25.0,25,11.1,0.609,0.2,0.258,1.9,0.692,0.634,0.7,0.78,3.2,0.7,0.3,0.3,0.6,1.4,5.0,0.0
4,31.0,16,21.4,0.417,1.4,0.289,3.4,0.508,0.477,2.4,0.92,4.2,4.1,0.6,0.2,2.1,2.2,13.4,0.0
3,34.0,2,13.3,0.412,1.2,0.368,0.9,0.492,0.531,0.5,0.905,1.0,1.3,0.4,0.1,0.6,0.8,5.8,0.0
6,26.0,22,20.7,0.493,0.7,0.383,2.6,0.537,0.547,1.4,0.846,2.6,2.9,0.3,0.2,1.3,1.6,8.8,0.0
4,20.0,17,6.2,0.519,0.1,0.25,1.2,0.565,0.537,0.5,0.001,2.0,0.3,0.3,0.5,0.0,0.6,3.2,0.0
3,24.0,25,17.8,0.447,0.8,0.326,1.4,0.556,0.524,0.3,0.8,1.3,2.2,0.5,0.2,0.8,1.4,5.5,0.0
6,26.0,5,35.4,0.479,3.7,0.389,5.8,0.561,0.571,4.5,0.876,4.0,4.8,1.5,0.4,2.7,2.4,27.2,1.0
1,21.0,5,34.1,0.552,0.3,0.22,6.3,0.594,0.565,2.6,0.696,8.8,2.7,0.8,1.3,2.0,2.9,16.0,0.0
6,24.0,25,22.8,0.455,1.8,0.344,3.1,0.558,0.537,2.4,0.901,2.6,3.8,0.6,0.2,2.0,1.6,14.0,0.0
6,20.0,9,13.9,0.434,0.8,0.333,0.9,0.603,0.538,0.7,0.727,1.6,0.9,0.3,0.1,0.6,0.8,4.9,0.0
6,21.0,17,5.8,0.405,0.1,0.125,0.5,0.619,0.432,0.2,0.8,0.7,0.7,0.3,0.2,0.3,0.5,1.5,0.0
3,23.0,14,32.6,0.463,1.6,0.317,7.9,0.512,0.502,6.2,0.741,5.9,8.1,1.1,0.3,3.5,1.7,27.0,1.0
1,33.0,12,28.7,0.432,1.9,0.375,2.6,0.485,0.522,1.2,0.78,4.1,1.8,0.6,0.4,0.9,2.2,12.2,0.0
1,33.0,28,10.5,0.405,0.8,0.412,0.5,0.394,0.53,0.4,0.001,2.1,0.9,0.3,0.2,0.5,1.3,3.5,0.0
1,33.0,2,10.6,0.402,0.7,0.408,0.5,0.394,0.524,0.4,0.001,2.2,0.9,0.3,0.2,0.5,1.2,3.6,0.0
3,27.0,30,28.1,0.483,1.4,0.406,2.6,0.536,0.565,1.1,0.806,3.4,5.3,0.7,0.2,1.0,1.4,10.4,0.0
4,22.0,18,29.1,0.475,2.1,0.389,2.2,0.603,0.591,1.8,0.908,3.6,1.3,1.0,0.5,0.8,2.0,12.7,0.0
6,26.0,0,36.4,0.467,2.1,0.367,6.4,0.512,0.524,2.0,0.837,5.5,6.1,1.5,0.3,2.3,1.4,20.9,1.0
3,25.0,7,32.6,0.451,2.4,0.384,4.8,0.494,0.526,3.0,0.827,4.1,6.0,1.0,0.2,2.1,1.4,19.9,0.0
4,22.0,25,29.7,0.447,2.5,0.414,1.8,0.502,0.576,0.9,0.8,4.6,1.1,0.8,0.6,0.8,1.9,12.0,0.0
0,31.0,28,15.1,0.445,1.4,0.395,0.8,0.565,0.585,0.7,0.78,3.2,0.9,0.3,0.4,0.3,1.7,6.6,0.0
0,31.0,20,14.5,0.438,1.3,0.394,0.8,0.541,0.576,0.7,0.795,3.1,0.9,0.3,0.4,0.3,1.6,6.2,0.0
0,31.0,1,22.0,0.485,2.5,0.4,1.5,0.75,0.636,0.3,0.5,3.8,0.5,0.3,0.5,0.5,2.0,10.8,0.0
4,25.0,28,4.7,0.44,0.5,0.5,0.2,0.333,0.6,0.2,0.5,0.6,0.1,0.1,0.0,0.3,0.2,2.2,0.0
4,25.0,19,3.1,0.5,0.5,0.6,0.0,0.0,0.75,0.2,0.6,0.5,0.1,0.1,0.0,0.2,0.1,1.6,0.0
4,25.0,4,15.5,0.385,1.0,0.333,1.5,0.429,0.462,0.0,0.0,1.0,0.5,0.0,0.0,1.0,1.0,6.0,0.0
1,30.0,18,22.3,0.616,0.3,0.342,3.0,0.662,0.641,1.0,0.676,5.9,1.9,0.9,0.7,0.7,2.1,7.7,0.0
6,23.0,11,26.9,0.422,1.2,0.34,2.0,0.493,0.501,0.5,0.867,2.7,4.1,1.0,0.2,1.7,2.6,8.1,0.0
4,23.0,11,24.6,0.416,1.5,0.349,1.9,0.49,0.508,1.6,0.87,3.8,1.2,0.8,0.4,0.9,3.4,9.7,0.0
3,30.0,5,10.2,0.517,0.3,0.333,0.8,0.642,0.584,0.6,0.92,1.0,1.4,0.4,0.1,0.3,0.9,3.1,0.0
1,29.0,22,19.4,0.442,2.1,0.401,0.9,0.578,0.596,0.5,0.875,2.4,1.1,0.4,0.2,0.7,1.9,8.5,0.0
3,20.0,10,16.0,0.349,0.8,0.315,0.6,0.406,0.448,0.5,0.71,1.7,2.5,0.7,0.1,1.4,1.0,4.1,0.0
1,22.0,7,13.3,0.572,0.3,0.289,1.7,0.692,0.615,0.8,0.667,2.3,0.3,0.3,0.4,0.5,1.8,5.1,0.0
0,28.0,8,10.9,0.4,0.1,0.5,0.8,0.393,0.417,0.5,0.7,2.6,0.5,0.9,0.6,0.6,1.8,2.3,0.0
6,23.0,17,19.5,0.446,1.1,0.293,3.2,0.537,0.501,1.2,0.784,2.6,2.0,0.6,0.1,1.0,1.5,10.9,0.0
3,24.0,6,12.2,0.347,0.3,0.208,0.6,0.511,0.403,0.4,0.636,1.3,1.2,0.3,0.1,0.7,1.3,2.4,0.0
7,27.0,28,14.5,0.42,1.1,0.337,1.7,0.5,0.503,0.5,0.839,1.6,1.3,0.4,0.1,0.9,0.9,7.0,0.0
6,27.0,13,13.5,0.406,1.1,0.325,1.6,0.488,0.488,0.4,0.81,1.4,0.9,0.3,0.1,0.8,0.9,6.7,0.0
3,27.0,30,17.5,0.46,1.2,0.375,1.9,0.532,0.546,0.7,0.9,2.0,2.5,0.6,0.0,1.2,1.1,8.0,0.0
0,28.0,24,27.3,0.524,0.9,0.39,4.3,0.563,0.568,2.6,0.686,9.4,2.9,0.9,0.9,2.4,3.6,13.8,0.0
4,24.0,28,15.8,0.39,1.0,0.379,1.1,0.402,0.487,0.9,0.826,3.2,1.1,0.4,0.2,0.9,0.9,6.2,0.0
4,24.0,16,15.7,0.386,1.1,0.392,0.9,0.379,0.487,1.0,0.86,3.1,1.0,0.3,0.2,0.9,0.9,6.0,0.0
4,24.0,11,16.5,0.419,1.0,0.286,2.3,0.529,0.484,0.3,0.333,4.0,2.3,0.8,0.0,0.8,0.5,7.8,0.0
4,29.0,2,33.0,0.395,2.2,0.402,0.9,0.38,0.535,0.6,0.739,4.7,3.8,0.8,0.7,1.6,3.1,9.1,0.0
4,24.0,21,21.3,0.364,0.9,0.295,0.7,0.519,0.466,0.8,0.762,4.1,1.4,0.6,0.5,0.5,1.8,5.2,0.0
6,24.0,23,15.6,0.424,0.8,0.345,1.4,0.486,0.5,1.5,0.699,3.3,1.2,0.7,0.4,0.9,1.5,6.6,0.0
0,22.0,0,24.1,0.635,0.0,0.2,3.9,0.641,0.636,1.5,0.746,7.4,1.0,0.7,1.3,1.0,3.3,9.4,0.0
4,22.0,5,21.2,0.491,0.8,0.355,1.5,0.618,0.577,1.0,0.736,2.6,1.1,0.7,0.4,0.6,1.9,6.3,0.0
1,23.0,25,7.1,0.421,0.2,0.333,0.3,0.529,0.513,0.2,0.875,1.0,0.4,0.2,0.2,0.2,1.1,1.3,0.0
6,30.0,15,27.6,0.396,1.4,0.292,2.4,0.496,0.468,1.5,0.754,3.3,3.7,1.6,0.2,1.9,2.4,10.4,0.0
0,31.0,29,28.2,0.495,1.5,0.41,2.6,0.561,0.585,2.6,0.842,5.4,3.3,1.0,0.6,2.2,3.8,12.1,0.0
4,25.0,20,11.8,0.468,0.3,0.258,1.6,0.571,0.511,0.7,0.607,2.3,0.5,0.6,0.0,0.7,2.0,4.9,0.0
4,27.0,5,21.0,0.453,1.4,0.348,1.8,0.591,0.552,1.0,0.659,2.3,1.6,0.5,0.1,0.7,1.6,8.9,0.0
4,27.0,4,31.9,0.423,2.2,0.31,5.1,0.504,0.488,2.9,0.73,5.1,1.1,1.5,0.3,1.3,3.0,19.7,0.0
3,37.0,23,32.1,0.429,1.6,0.376,3.3,0.459,0.498,2.6,0.817,4.2,8.9,1.5,0.4,2.1,2.2,13.8,0.0
3,28.0,23,23.2,0.41,1.7,0.381,2.7,0.432,0.489,1.3,0.736,2.4,4.9,0.9,0.2,2.0,2.1,11.9,0.0
3,30.0,24,17.0,0.585,0.6,0.529,1.0,0.625,0.695,0.3,0.001,2.6,1.5,1.1,0.1,0.8,1.9,4.1,0.0
6,27.0,6,7.2,0.339,0.5,0.357,0.2,0.294,0.466,0.3,0.818,1.2,0.9,0.1,0.0,0.3,0.7,1.9,0.0
3,22.0,13,5.3,0.333,0.2,0.333,0.5,0.333,0.375,0.8,0.556,0.7,0.3,0.3,0.2,0.3,0.5,2.3,0.0
0,27.0,28,26.2,0.632,0.0,0.0,5.3,0.633,0.632,1.7,0.586,9.1,3.0,0.9,1.2,1.9,2.7,12.3,0.0
0,27.0,26,26.1,0.616,0.0,0.0,5.2,0.618,0.616,1.7,0.605,9.0,3.1,0.8,1.1,2.1,2.6,12.1,0.0
1,21.0,20,21.8,0.44,1.2,0.376,2.2,0.486,0.519,0.7,0.636,5.1,2.0,0.6,1.3,1.3,1.8,8.8,0.0
3,23.0,9,30.7,0.432,2.6,0.33,4.4,0.532,0.514,4.1,0.862,2.8,4.6,0.8,0.2,3.3,2.7,20.7,1.0
3,22.0,10,34.0,0.437,2.2,0.346,4.5,0.501,0.509,3.5,0.766,5.5,5.6,1.3,0.4,3.6,2.7,19.2,0.0
4,24.0,7,29.3,0.48,3.0,0.409,3.3,0.569,0.594,1.5,0.8,5.4,1.0,0.6,0.5,1.1,2.2,17.0,0.0
4,29.0,27,18.3,0.5,0.8,0.353,1.1,0.692,0.6,1.0,0.001,2.4,1.0,1.4,0.0,0.5,0.9,5.5,0.0
1,27.0,16,26.6,0.501,1.2,0.339,4.7,0.57,0.552,1.3,0.844,10.0,1.8,0.4,0.2,1.2,1.7,14.4,0.0
0,31.0,6,19.9,0.725,0.0,0.0,2.6,0.736,0.725,1.6,0.691,4.4,0.8,0.7,0.4,0.9,2.9,6.8,0.0
6,29.0,12,25.9,0.484,2.1,0.423,3.6,0.528,0.572,3.6,0.804,3.0,1.8,0.8,0.3,1.7,2.0,17.0,0.0
3,23.0,12,9.4,0.439,0.4,0.278,1.0,0.565,0.5,0.0,0.0,1.7,2.1,0.2,0.0,0.8,0.5,3.2,0.0
6,20.0,26,23.3,0.346,0.8,0.25,1.5,0.429,0.404,1.8,0.778,3.3,4.5,0.3,0.5,2.8,2.0,7.0,0.0
4,28.0,17,21.3,0.496,1.4,0.397,1.8,0.609,0.602,0.8,0.833,2.4,1.6,0.5,0.4,1.2,2.4,8.5,0.0
3,25.0,1,12.5,0.402,1.0,0.342,0.9,0.5,0.508,0.2,0.692,1.5,1.0,0.3,0.0,0.7,0.8,4.8,0.0
6,25.0,11,10.0,0.241,0.3,0.133,0.7,0.357,0.276,0.7,0.001,2.4,0.9,0.3,0.7,1.0,0.6,3.0,0.0
3,23.0,19,27.8,0.442,1.8,0.358,2.7,0.521,0.529,2.1,0.822,4.0,3.1,0.8,0.2,1.1,2.0,12.9,0.0
1,28.0,19,35.8,0.463,2.8,0.345,5.7,0.556,0.539,5.3,0.758,10.5,4.1,0.7,0.3,2.8,3.0,25.1,1.0
6,24.0,13,27.7,0.502,1.2,0.376,2.2,0.62,0.593,2.6,0.873,3.0,2.2,0.5,0.3,1.3,1.7,10.6,0.0
4,23.0,28,22.9,0.451,1.1,0.326,2.2,0.561,0.527,1.6,0.907,1.7,1.3,0.9,0.4,0.8,1.7,9.3,0.0
4,23.0,19,21.9,0.449,0.9,0.304,2.2,0.55,0.511,1.5,0.879,1.6,1.0,0.8,0.4,0.8,1.6,8.4,0.0
4,23.0,24,27.0,0.458,2.2,0.367,2.2,0.611,0.573,2.0,0.001,2.4,2.6,1.6,0.2,1.2,2.2,13.0,0.0
6,27.0,28,8.8,0.329,0.4,0.378,0.3,0.27,0.433,0.4,0.667,1.5,0.6,0.4,0.1,0.5,1.0,2.3,0.0
6,27.0,7,9.0,0.313,0.5,0.364,0.3,0.25,0.413,0.4,0.75,1.6,0.5,0.4,0.1,0.6,1.0,2.3,0.0
6,27.0,13,6.0,0.001,0.3,0.001,0.3,0.001,0.00125,0.3,0.25,1.0,0.7,0.3,0.0,0.0,0.3,2.0,0.0
0,23.0,22,9.5,0.573,0.0,0.0,1.3,0.594,0.573,0.4,0.75,3.1,0.3,0.6,0.6,0.6,1.8,3.1,0.0
0,23.0,17,18.1,0.529,1.0,0.329,3.2,0.658,0.594,1.1,0.667,4.9,1.1,0.6,0.9,1.3,2.5,10.6,0.0
6,29.0,28,24.2,0.439,1.7,0.349,2.5,0.535,0.529,1.3,0.861,2.8,3.2,1.2,0.3,1.5,1.9,11.4,0.0
6,29.0,26,23.7,0.436,1.8,0.357,2.5,0.518,0.527,1.3,0.883,2.8,3.3,1.0,0.3,1.5,1.7,11.5,0.0
6,29.0,18,28.4,0.475,1.2,0.273,2.6,0.722,0.55,1.8,0.75,2.4,2.8,3.2,0.6,1.2,3.8,10.6,0.0
6,30.0,17,20.8,0.446,0.9,0.355,1.0,0.578,0.551,0.6,0.769,1.7,1.5,0.6,0.1,0.5,1.7,5.3,0.0
4,28.0,15,17.7,0.356,1.6,0.32,0.6,0.514,0.487,0.6,0.909,1.9,1.2,0.4,0.0,0.7,2.0,6.5,0.0
0,22.0,15,13.7,0.535,0.0,0.0,1.6,0.568,0.535,0.7,0.724,4.1,0.7,0.4,0.4,0.5,1.8,3.9,0.0
1,22.0,20,20.1,0.464,1.0,0.341,2.0,0.565,0.541,0.9,0.794,4.5,1.0,0.7,0.4,0.5,1.7,7.7,0.0
1,24.0,26,11.3,0.432,0.4,0.3,1.2,0.516,0.49,0.5,0.488,2.5,0.9,0.4,0.2,0.7,1.3,4.1,0.0
1,21.0,14,17.4,0.421,0.8,0.292,1.6,0.551,0.495,0.6,0.625,2.6,0.6,0.5,0.3,0.9,1.5,6.3,0.0
3,20.0,9,5.2,0.35,0.3,0.333,0.3,0.364,0.425,0.5,0.001,1.0,0.5,0.1,0.1,1.3,0.8,1.9,0.0
3,34.0,19,12.5,0.384,0.7,0.302,1.6,0.438,0.443,0.4,0.917,1.5,1.7,0.3,0.2,0.8,0.7,5.6,0.0
6,31.0,28,22.4,0.433,1.5,0.373,1.7,0.503,0.534,0.4,0.727,2.2,1.3,0.6,0.2,0.8,1.4,8.1,0.0
6,31.0,21,22.5,0.431,1.5,0.381,1.6,0.489,0.533,0.4,0.75,2.0,1.3,0.6,0.2,0.9,1.3,8.0,0.0
6,31.0,23,21.7,0.448,1.7,0.294,2.7,0.667,0.534,0.3,0.5,4.0,2.0,0.3,0.0,0.0,2.7,10.7,0.0
6,28.0,4,35.6,0.414,2.7,0.329,5.2,0.478,0.484,2.9,0.827,4.2,4.8,1.1,0.3,2.1,1.9,21.4,0.0
3,32.0,5,16.7,0.307,0.8,0.265,0.9,0.359,0.381,0.9,0.75,2.3,3.5,1.1,0.1,0.8,1.6,5.1,0.0
3,26.0,28,32.4,0.464,2.7,0.389,3.5,0.543,0.564,2.6,0.85,3.1,6.1,1.1,0.4,2.6,2.1,17.6,0.0
3,26.0,17,32.9,0.465,2.7,0.391,3.5,0.546,0.567,2.6,0.856,3.1,6.2,1.1,0.4,2.7,2.2,17.9,0.0
3,26.0,13,24.8,0.442,1.5,0.353,3.3,0.5,0.512,2.5,0.769,3.5,5.0,0.3,0.0,1.5,1.3,13.5,0.0
4,25.0,28,9.5,0.374,1.0,0.386,0.3,0.333,0.523,0.3,0.833,0.8,0.5,0.2,0.0,0.2,0.8,3.8,0.0
4,25.0,13,10.8,0.306,1.1,0.371,0.2,0.143,0.439,0.3,0.8,1.2,0.3,0.2,0.0,0.3,1.2,3.9,0.0
4,25.0,17,8.7,0.431,1.0,0.396,0.3,0.6,0.595,0.3,0.857,0.6,0.6,0.2,0.1,0.2,0.7,3.8,0.0
0,26.0,25,34.5,0.611,0.4,0.348,6.6,0.642,0.629,4.2,0.767,12.4,6.9,0.9,0.4,3.0,3.7,18.7,0.0
1,28.0,28,14.1,0.432,0.7,0.39,1.3,0.461,0.51,1.0,0.843,3.7,1.5,0.3,0.1,1.0,1.9,5.8,0.0
1,28.0,23,14.4,0.427,0.7,0.391,1.3,0.45,0.503,1.0,0.818,3.8,1.5,0.4,0.1,1.0,1.9,5.8,0.0
1,28.0,20,11.5,0.5,0.8,0.375,1.0,0.667,0.607,1.8,0.001,2.8,0.8,0.3,0.0,1.5,1.8,6.0,0.0
1,25.0,21,12.6,0.478,0.6,0.333,0.9,0.684,0.576,0.6,0.895,1.9,0.8,0.2,0.1,0.2,1.9,4.4,0.0
3,29.0,13,30.7,0.424,1.2,0.342,2.9,0.47,0.485,3.2,0.873,2.5,4.3,0.7,0.1,1.6,2.2,12.5,0.0
0,20.0,10,28.1,0.554,0.2,0.333,5.7,0.57,0.565,3.0,0.751,8.8,3.8,0.8,0.9,2.5,3.4,15.0,0.0
6,24.0,29,24.0,0.507,1.0,0.41,3.9,0.54,0.559,3.4,0.822,2.2,2.9,0.6,0.1,1.8,2.3,14.3,0.0
6,25.0,23,21.4,0.38,2.0,0.377,1.0,0.388,0.506,1.4,0.911,1.7,2.2,0.6,0.2,1.0,1.5,9.5,0.0
0,21.0,2,10.4,0.545,0.1,0.667,1.5,0.537,0.564,0.5,0.593,3.8,0.8,0.2,0.5,0.9,1.9,3.9,0.0
6,19.0,24,20.2,0.471,1.0,0.347,2.2,0.561,0.544,0.5,0.667,2.5,0.6,0.4,0.3,0.7,1.6,7.9,0.0
0,28.0,27,37.5,0.479,1.4,0.349,7.6,0.515,0.517,5.7,0.768,7.7,6.1,0.8,0.6,2.5,3.3,25.3,1.0
3,26.0,2,26.3,0.566,0.0,0.0,3.2,0.571,0.566,0.6,0.439,6.3,6.1,1.3,0.6,2.3,3.3,6.9,0.0
6,23.0,24,35.5,0.45,3.5,0.381,4.1,0.532,0.553,2.6,0.913,2.7,4.2,0.7,0.2,2.2,2.4,21.4,1.0
0,24.0,19,16.1,0.769,0.0,0.0,1.7,0.777,0.769,0.3,0.75,4.8,0.5,0.3,0.6,0.5,1.9,3.6,0.0
3,28.0,1,32.3,0.426,1.8,0.329,2.3,0.547,0.517,1.4,0.768,3.5,6.8,1.4,0.4,2.4,2.6,11.3,0.0
3,25.0,4,25.3,0.425,0.4,0.218,3.0,0.49,0.451,1.3,0.761,2.7,4.4,1.4,0.4,1.5,2.2,8.5,0.0
3,34.0,7,10.2,0.424,0.1,0.333,1.3,0.43,0.434,0.0,0.5,1.4,2.4,0.2,0.2,1.2,0.9,2.8,0.0
1,19.0,10,30.1,0.384,1.6,0.297,2.6,0.464,0.455,2.0,0.788,7.1,1.2,0.5,1.0,1.5,2.9,12.0,0.0
1,22.0,11,18.2,0.46,0.8,0.276,2.6,0.58,0.514,1.5,0.76,5.6,0.9,0.3,0.8,1.1,2.1,9.0,0.0
1,19.0,26,26.0,0.448,0.6,0.261,3.6,0.509,0.48,1.3,0.695,4.9,2.5,0.7,0.4,1.7,2.5,10.2,0.0
1,25.0,5,17.4,0.457,0.4,0.303,1.6,0.534,0.508,0.6,0.718,3.0,0.6,0.4,0.3,0.5,1.2,5.1,0.0
0,21.0,8,28.3,0.442,1.3,0.327,2.6,0.542,0.518,2.2,0.738,8.1,1.4,0.4,0.7,1.4,2.7,11.3,0.0
4,26.0,15,29.9,0.399,2.5,0.336,1.8,0.55,0.517,1.2,0.875,3.6,2.2,0.6,0.2,1.0,2.2,12.3,0.0
3,21.0,21,23.0,0.411,1.1,0.304,2.2,0.503,0.482,1.6,0.707,2.8,3.3,1.2,0.5,1.9,2.4,9.4,0.0
6,27.0,2,14.5,0.459,0.6,0.346,1.8,0.515,0.516,1.9,0.926,1.6,1.4,0.7,0.2,1.0,1.7,7.4,0.0
4,27.0,10,21.5,0.468,0.4,0.29,3.0,0.512,0.497,1.3,0.667,3.7,2.6,0.6,0.2,1.6,3.3,8.4,0.0
1,24.0,1,37.3,0.46,3.3,0.351,6.5,0.544,0.536,7.2,0.864,8.7,4.7,1.0,0.8,3.0,2.1,30.1,1.0
1,23.0,28,8.6,0.478,0.1,0.222,1.0,0.571,0.507,0.2,0.714,1.4,0.4,0.1,0.2,0.3,0.9,2.7,0.0
1,23.0,11,8.8,0.462,0.2,0.222,1.0,0.553,0.492,0.2,0.714,1.5,0.4,0.1,0.2,0.3,0.9,2.7,0.0
6,36.0,18,7.0,0.405,0.5,0.429,0.3,0.375,0.527,0.2,0.75,0.6,0.5,0.5,0.1,0.2,0.7,2.2,0.0
6,20.0,3,5.1,0.45,0.2,0.333,0.5,0.52,0.513,0.2,0.5,0.8,0.6,0.2,0.2,0.2,0.4,1.8,0.0
0,30.0,11,15.6,0.477,0.3,0.182,2.7,0.576,0.5,0.7,0.417,3.1,1.3,0.3,0.9,0.4,1.0,7.0,0.0
6,21.0,2,17.2,0.454,0.9,0.412,2.8,0.47,0.511,3.0,0.85,1.7,1.6,0.4,0.1,1.0,1.0,11.3,0.0
6,32.0,9,32.7,0.428,4.4,0.408,3.5,0.456,0.548,1.9,0.892,3.9,2.4,0.7,0.3,1.7,2.0,22.1,1.0
1,20.0,4,11.2,0.373,0.3,0.258,0.6,0.484,0.437,0.4,0.621,1.7,0.4,0.3,0.2,0.4,0.8,2.6,0.0
6,25.0,28,13.4,0.436,0.5,0.354,0.6,0.541,0.536,0.2,0.692,1.5,0.6,1.0,0.3,0.2,1.5,3.0,0.0
6,25.0,22,12.1,0.431,0.4,0.333,0.6,0.547,0.522,0.2,0.75,1.3,0.5,0.9,0.3,0.2,1.3,2.7,0.0
6,25.0,24,29.8,0.458,1.8,0.438,1.0,0.5,0.604,0.0,0.0,3.5,1.8,2.3,1.0,0.8,3.8,7.3,0.0
1,24.0,14,15.4,0.612,0.1,0.3,2.2,0.635,0.622,0.8,0.517,4.1,1.2,0.8,0.4,0.6,1.3,5.4,0.0
1,24.0,19,14.8,0.414,1.1,0.346,1.2,0.514,0.517,0.5,0.758,3.1,0.8,0.3,0.2,0.5,1.0,6.3,0.0
4,29.0,28,12.6,0.486,0.2,0.217,0.9,0.608,0.52,0.3,0.733,2.3,0.9,0.4,0.2,0.6,1.6,2.7,0.0
4,29.0,13,12.2,0.5,0.1,0.2,1.0,0.63,0.53,0.4,0.733,2.0,0.8,0.3,0.2,0.6,1.5,2.7,0.0
1,27.0,17,33.8,0.505,1.8,0.325,5.5,0.618,0.568,4.4,0.885,8.2,5.3,0.8,0.7,3.1,3.9,20.8,1.0
6,24.0,27,33.6,0.434,2.6,0.366,3.8,0.499,0.523,2.9,0.84,2.5,1.6,1.6,0.3,0.9,1.7,18.4,0.0
1,37.0,22,26.2,0.435,0.7,0.426,0.5,0.449,0.562,0.3,0.864,4.1,0.8,0.5,0.2,0.7,2.4,3.6,0.0
0,26.0,11,29.9,0.545,1.7,0.402,4.8,0.623,0.616,3.5,0.787,8.0,1.3,0.6,2.3,1.7,3.3,18.1,0.0
0,30.0,18,24.9,0.542,0.5,0.337,5.1,0.577,0.566,2.5,0.821,9.7,1.7,0.3,0.5,1.9,3.1,14.2,0.0
1,23.0,28,24.0,0.567,0.4,0.339,3.0,0.615,0.596,1.3,0.676,7.9,2.7,1.1,0.3,1.3,2.5,8.3,0.0
1,23.0,29,24.1,0.556,0.4,0.333,3.0,0.606,0.587,1.3,0.657,7.9,2.7,1.0,0.3,1.3,2.6,8.3,0.0
1,23.0,13,22.4,0.692,0.2,0.5,3.4,0.708,0.712,1.2,0.001,8.8,2.4,1.6,0.2,1.0,1.8,8.6,0.0
3,28.0,27,36.9,0.394,3.0,0.344,3.4,0.451,0.486,3.8,0.893,4.3,6.6,1.6,0.6,1.9,2.9,19.7,0.0
6,22.0,26,31.3,0.445,2.8,0.404,4.3,0.477,0.533,2.4,0.793,4.0,3.6,1.2,0.4,1.6,1.4,19.4,0.0
3,26.0,15,26.3,0.396,1.8,0.327,1.6,0.513,0.499,1.2,0.877,2.3,2.5,0.9,0.1,1.5,2.5,9.8,0.0
0,27.0,1,7.4,0.458,0.0,0.25,0.4,0.5,0.479,0.1,0.001,2.1,0.3,0.1,0.3,0.5,1.5,1.1,0.0
0,32.0,3,33.9,0.514,1.6,0.349,5.7,0.595,0.571,1.6,0.822,11.5,3.3,0.7,0.8,1.7,2.2,17.8,0.0
1,26.0,5,20.9,0.434,1.1,0.38,0.7,0.558,0.566,0.4,0.652,3.7,0.9,0.7,0.5,0.4,2.2,5.2,0.0
4,21.0,21,33.2,0.485,1.7,0.369,5.2,0.541,0.545,3.4,0.833,4.0,3.5,0.9,0.2,2.1,2.3,18.8,0.0
0,25.0,21,21.0,0.492,1.0,0.318,2.6,0.621,0.559,2.9,0.855,4.6,1.7,0.7,0.2,1.2,2.7,11.1,0.0
4,28.0,23,15.5,0.389,1.0,0.344,0.5,0.524,0.518,0.5,0.84,2.2,1.0,0.8,0.3,0.4,2.0,4.4,0.0
4,20.0,24,9.1,0.443,0.1,0.192,1.0,0.535,0.469,0.5,0.724,2.1,0.5,0.1,0.2,0.4,1.0,2.8,0.0
3,32.0,6,16.0,0.421,0.8,0.25,1.9,0.586,0.482,1.9,0.81,1.8,2.1,0.2,0.2,0.4,1.2,8.0,0.0
6,24.0,13,25.9,0.454,1.7,0.369,2.9,0.524,0.538,1.8,0.885,2.0,1.3,0.6,0.3,0.9,1.4,12.8,0.0
3,32.0,12,22.2,0.408,1.0,0.303,3.1,0.459,0.457,2.3,0.681,2.7,5.2,0.8,0.4,2.4,1.7,11.4,0.0
2,29.0,28,18.0,0.512,0.6,0.347,3.1,0.564,0.554,1.0,0.818,2.8,1.0,0.6,0.3,0.6,1.6,9.1,0.0
1,29.0,2,18.8,0.51,0.6,0.333,3.3,0.566,0.55,1.0,0.818,2.8,1.1,0.6,0.3,0.7,1.7,9.5,0.0
6,22.0,23,12.7,0.367,1.3,0.36,1.7,0.372,0.445,0.5,0.667,1.2,2.0,0.2,0.1,1.1,0.7,7.9,0.0
1,24.0,4,32.9,0.444,2.0,0.35,3.8,0.518,0.521,1.7,0.748,4.8,2.4,0.9,1.1,1.4,2.7,15.3,0.0
3,21.0,10,14.3,0.361,0.6,0.222,1.4,0.486,0.414,0.4,0.625,1.5,1.6,0.5,0.0,0.4,1.1,4.8,0.0
4,28.0,2,17.8,0.521,1.2,0.482,1.1,0.571,0.657,0.7,0.744,2.5,0.9,0.4,0.3,0.4,1.5,6.5,0.0
6,25.0,20,11.2,0.396,1.2,0.369,0.2,0.714,0.566,0.2,0.75,1.7,0.7,0.4,0.2,0.2,0.9,4.4,0.0
1,22.0,24,16.4,0.578,0.4,0.485,1.8,0.602,0.627,1.1,0.714,3.3,1.7,0.3,0.1,1.0,1.9,5.7,0.0
6,20.0,7,3.2,0.556,0.2,0.667,0.6,0.533,0.611,0.0,0.0,0.6,0.1,0.0,0.1,0.2,0.2,1.7,0.0
6,19.0,26,13.9,0.372,0.5,0.429,1.2,0.351,0.429,0.5,0.6,1.5,1.5,0.4,0.1,1.4,1.9,4.5,0.0
3,34.0,28,28.8,0.422,1.2,0.297,4.7,0.473,0.465,3.0,0.664,6.1,7.6,1.1,0.4,3.6,2.4,15.9,0.0
3,34.0,13,28.7,0.417,1.2,0.296,4.6,0.467,0.46,3.0,0.655,6.2,7.5,1.0,0.4,3.5,2.3,15.9,0.0
3,34.0,12,32.5,0.565,1.0,0.333,5.5,0.647,0.609,3.0,0.001,5.0,9.0,3.0,0.0,4.5,4.5,17.0,0.0
6,22.0,3,22.4,0.423,1.6,0.355,1.5,0.529,0.531,0.9,0.836,2.7,2.0,0.7,0.1,0.8,1.7,8.9,0.0
6,28.0,1,27.7,0.455,1.8,0.384,2.3,0.531,0.554,2.0,0.864,3.3,3.8,0.7,0.9,1.1,2.2,12.0,0.0
4,25.0,7,3.1,0.438,0.2,0.375,0.3,0.5,0.531,0.1,0.667,0.5,0.1,0.1,0.1,0.1,0.5,1.3,0.0
6,24.0,20,18.5,0.504,0.7,0.398,1.8,0.564,0.575,0.8,0.83,3.1,1.4,0.5,0.2,0.8,1.6,6.4,0.0
4,27.0,9,32.2,0.473,2.4,0.396,4.4,0.53,0.557,1.2,0.611,5.0,2.3,1.2,0.8,1.3,2.9,17.1,0.0
1,24.0,1,27.3,0.457,1.5,0.404,1.3,0.536,0.577,1.3,0.827,4.8,1.8,0.6,0.4,1.1,2.6,8.4,0.0
6,21.0,20,29.2,0.509,0.9,0.325,4.1,0.58,0.554,1.6,0.763,4.2,2.9,1.3,0.5,1.6,2.6,12.4,0.0
1,20.0,20,16.4,0.472,0.9,0.48,1.2,0.466,0.569,0.6,0.667,4.6,1.5,0.4,0.2,0.7,1.9,5.6,0.0
1,28.0,20,22.6,0.516,1.0,0.379,2.4,0.605,0.591,0.3,0.432,4.9,2.0,0.8,0.3,0.6,2.1,8.0,0.0
0,21.0,4,16.8,0.648,0.0,0.0,3.3,0.648,0.648,1.5,0.723,6.2,0.4,0.7,1.2,0.8,2.2,8.2,0.0
1,21.0,3,28.9,0.46,1.4,0.405,2.4,0.5,0.544,1.1,0.863,4.4,1.4,0.8,0.8,1.3,1.9,10.2,0.0
0,25.0,1,24.2,0.75,0.0,0.0,3.9,0.756,0.75,0.6,0.6,8.6,1.5,0.5,1.1,0.9,1.8,8.4,0.0
4,21.0,14,16.9,0.419,0.7,0.244,1.6,0.603,0.481,0.4,0.765,2.4,0.8,0.4,0.2,1.0,1.8,5.8,0.0
1,22.0,18,33.0,0.608,0.2,0.368,9.6,0.618,0.615,6.1,0.714,7.0,4.6,1.1,0.6,3.4,2.2,26.0,1.0
4,26.0,24,26.8,0.409,0.5,0.311,2.3,0.438,0.444,0.7,0.714,5.0,3.4,1.0,0.4,1.5,3.1,6.8,0.0
0,21.0,28,14.2,0.617,0.1,0.333,3.2,0.63,0.624,1.2,0.674,4.2,0.6,0.1,0.3,0.8,2.0,7.9,0.0
0,21.0,9,12.5,0.628,0.0,0.5,2.8,0.63,0.633,1.2,0.684,3.5,0.7,0.1,0.3,0.7,1.9,6.9,0.0
0,21.0,8,23.5,0.59,0.3,0.25,5.5,0.629,0.603,1.3,0.625,8.0,0.0,0.0,0.3,1.3,2.5,13.0,0.0
0,27.0,6,27.4,0.525,1.7,0.376,4.7,0.615,0.595,3.2,0.763,8.0,1.7,0.4,1.2,1.9,2.7,17.6,0.0
3,30.0,30,22.6,0.467,0.9,0.36,1.6,0.556,0.548,0.9,0.903,3.2,3.5,1.9,0.3,1.0,1.3,6.7,0.0
3,24.0,6,10.3,0.469,0.2,0.286,1.0,0.543,0.51,0.4,0.636,1.3,1.9,0.4,0.2,0.6,0.9,2.9,0.0
1,34.0,27,15.5,0.562,0.1,0.161,2.0,0.643,0.576,0.4,0.692,3.2,1.4,1.1,0.1,0.8,1.8,4.7,0.0
3,24.0,0,35.3,0.429,2.2,0.327,6.3,0.481,0.484,7.9,0.889,2.9,10.2,1.1,0.1,4.1,1.5,27.0,1.0
0,30.0,15,15.7,0.667,0.0,0.0,2.7,0.667,0.667,1.0,0.5,2.7,1.0,0.3,1.0,0.7,3.0,6.3,0.0
0,25.0,12,29.4,0.617,0.0,0.0,4.0,0.62,0.617,2.2,0.699,10.1,1.1,0.4,1.3,1.7,2.9,10.2,0.0
